<Data Race_Name="GRAPES">
  <Heading>327</Heading>
    <Meet>
    <X>2588</X>
    <Y>4296</Y>
    <Z>41</Z>
  </Meet>
  <Waypoint>
    <X>2584</X>
    <Y>4249</Y>
    <Z>41</Z>
  </Waypoint>
  <Waypoint>
    <X>2858</X>
    <Y>4428</Y>
    <Z>48</Z>
  </Waypoint>
  <Waypoint>
    <X>2983</X>
    <Y>4559</Y>
    <Z>51</Z>
  </Waypoint>
  <Waypoint>
    <X>2852</X>
    <Y>4794</Y>
    <Z>49</Z>
  </Waypoint>
  <Waypoint>
    <X>2753</X>
    <Y>4995</Y>
    <Z>35</Z>
  </Waypoint>
  <Waypoint>
    <X>2673</X>
    <Y>5124</Y>
    <Z>44</Z>
  </Waypoint>
  <Waypoint>
    <X>2575</X>
    <Y>5098</Y>
    <Z>44</Z>
  </Waypoint>
  <Waypoint>
    <X>2331</X>
    <Y>5212</Y>
    <Z>59</Z>
  </Waypoint>
  <Waypoint>
    <X>2238</X>
    <Y>5196</Y>
    <Z>60</Z>
  </Waypoint>
  <Waypoint>
    <X>2038</X>
    <Y>5193</Y>
    <Z>51</Z>
  </Waypoint>
  <Waypoint>
    <X>1873</X>
    <Y>5109</Y>
    <Z>49</Z>
  </Waypoint>

  <Waypoint>
    <X>1676</X>
    <Y>4949</Y>
    <Z>42</Z>
  </Waypoint> 
     <Waypoint>
    <X>1664</X>
    <Y>4906</Y>
    <Z>42</Z>
  </Waypoint>   
  <Waypoint>
    <X>1667</X>
    <Y>4865</Y>
    <Z>42</Z>
  </Waypoint>
  <Waypoint>
    <X>1696</X>
    <Y>4670</Y>
    <Z>43</Z>
  </Waypoint>
  <Waypoint>
    <X>1867</X>
    <Y>4582</Y>
    <Z>36</Z>
  </Waypoint>
  <Waypoint>
    <X>2045</X>
    <Y>4665</Y>
    <Z>41</Z>
  </Waypoint>
  <Waypoint>
    <X>2237</X>
    <Y>4736</Y>
    <Z>39</Z>
  </Waypoint>
  <Waypoint>
    <X>2380</X>
    <Y>4667</Y>
    <Z>36</Z>
  </Waypoint>
  <Waypoint>
    <X>2468</X>
    <Y>4366</Y>
    <Z>36</Z>
  </Waypoint>
  <Waypoint>
    <X>2451</X>
    <Y>4225</Y>
    <Z>37</Z>
  </Waypoint>
  <Waypoint>
    <X>2525</X>
    <Y>4156</Y>
    <Z>39</Z>
  </Waypoint>
</Data>