<Data Race_Name="Grove St">
  <Heading>319</Heading>
      <Meet>
    <X>169</X>
    <Y>-1819</Y>
    <Z>27</Z>
  </Meet>
  <Waypoint>
    <X>142</X>
    <Y>-1810</Y>
    <Z>27</Z>
  </Waypoint>
  <Waypoint>
    <X>221</X>
    <Y>-1736</Y>
    <Z>29</Z>
  </Waypoint>
  <Waypoint>
    <X>212</X>
    <Y>-1615</Y>
    <Z>29</Z>
  </Waypoint>
  <Waypoint>
    <X>156</X>
    <Y>-1582</Y>
    <Z>29</Z>
  </Waypoint>
  <Waypoint>
    <X>51</X>
    <Y>-1495</Y>
    <Z>29</Z>
  </Waypoint>
  <Waypoint>
    <X>-92</X>
    <Y>-1496</Y>
    <Z>33</Z>
  </Waypoint>
  <Waypoint>
    <X>-166</X>
    <Y>-1580</Y>
    <Z>35</Z>
  </Waypoint>
  <Waypoint>
    <X>-149</X>
    <Y>-1719</Y>
    <Z>30</Z>
  </Waypoint>
  <Waypoint>
    <X>-110</X>
    <Y>-1760</Y>
    <Z>29</Z>
  </Waypoint>
  <Waypoint>
    <X>-25</X>
    <Y>-1832</Y>
    <Z>25</Z>
  </Waypoint>
</Data>