<Data Race_Name="Hanger Way">
  <Heading>263</Heading>
  <Meet>
    <X>1006</X>
    <Y>-2514</Y>
    <Z>28</Z>
  </Meet>
  <Waypoint>
    <X>957</X>
    <Y>-2464</Y>
    <Z>28</Z>
  </Waypoint>
  <Waypoint>
    <X>1036</X>
    <Y>-2402</Y>
    <Z>29</Z>
  </Waypoint>
  <Waypoint>
    <X>1047</X>
    <Y>-2094</Y>
    <Z>31</Z>
  </Waypoint>
  <Waypoint>
    <X>857</X>
    <Y>-2070</Y>
    <Z>30</Z>
  </Waypoint>

  <Waypoint>
    <X>746</X>
    <Y>-2242</Y>
    <Z>29</Z>
  </Waypoint>

  <Waypoint>
    <X>764</X>
    <Y>-2454</Y>
    <Z>20</Z>
  </Waypoint>
</Data>