<Data Race_Name="Joshua Rd">
  <Heading>282</Heading>
  <Meet>
    <X>1054</X>
    <Y>3234</Y>
    <Z>38</Z>
  </Meet>
  <Waypoint>
    <X>1045</X>
    <Y>3246</Y>
    <Z>38</Z>
  </Waypoint>
  <Waypoint>
    <X>1115</X>
    <Y>3343</Y>
    <Z>35</Z>
  </Waypoint>
  <Waypoint>
    <X>1063</X>
    <Y>3535</Y>
    <Z>34</Z>
  </Waypoint>
  <Waypoint>
    <X>809</X>
    <Y>3532</Y>
    <Z>34</Z>
  </Waypoint>
  <Waypoint>
    <X>274</X>
    <Y>3312</Y>
    <Z>40</Z>
  </Waypoint>
  <Waypoint>
    <X>542</X>
    <Y>3207</Y>
    <Z>41</Z>
  </Waypoint>
  <Waypoint>
    <X>695</X>
    <Y>3197</Y>
    <Z>39</Z>
  </Waypoint>
</Data>