<Data Race_Name="Marlowe Dr">
  <Heading>249</Heading>
  <Meet>
    <X>657</X>
    <Y>679</Y>
    <Z>129</Z>
  </Meet>
  <Waypoint>
    <X>727</X>
    <Y>619</Y>
    <Z>129</Z>
  </Waypoint>
  <Waypoint>
    <X>923</X>
    <Y>526</Y>
    <Z>119</Z>
  </Waypoint>
  <Waypoint>
    <X>1101</X>
    <Y>283</Y>
    <Z>88</Z>
  </Waypoint>
    <Waypoint>
    <X>960</X>
    <Y>141</Y>
    <Z>80</Z>
  </Waypoint>
  <Waypoint>
    <X>765</X>
    <Y>-25</Y>
    <Z>81</Z>
  </Waypoint>
  <Waypoint>
    <X>734</X>
    <Y>62</Y>
    <Z>83</Z>
  </Waypoint>
  <Waypoint>
    <X>969</X>
    <Y>370</Y>
    <Z>91</Z>
  </Waypoint>
  <Waypoint>
    <X>875</X>
    <Y>543</Y>
    <Z>125</Z>
  </Waypoint>
  <Waypoint>
    <X>646</X>
    <Y>653</Y>
    <Z>129</Z>
  </Waypoint>
</Data>