<Data Race_Name="RGLEN">
  <Heading>246</Heading>
      <Meet>
    <X>-1459</X>
    <Y>913</Y>
    <Z>180</Z>
  </Meet>
  <Waypoint>
    <X>-1573</X>
    <Y>963</Y>
    <Z>158</Z>
  </Waypoint>
  <Waypoint>
    <X>-1451</X>
    <Y>828</Y>
    <Z>183</Z>
  </Waypoint>
  <Waypoint>
    <X>-1282</X>
    <Y>832</Y>
    <Z>189</Z>
  </Waypoint>
  <Waypoint>
    <X>-1154</X>
    <Y>988</Y>
    <Z>202</Z>
  </Waypoint>
  <Waypoint>
    <X>-986</X>
    <Y>1175</Y>
    <Z>217</Z>
  </Waypoint>
  <Waypoint>
    <X>-903</X>
    <Y>1067</Y>
    <Z>221</Z>
  </Waypoint>
  <Waypoint>
    <X>-715</X>
    <Y>1055</Y>
    <Z>246</Z>
  </Waypoint>
  <Waypoint>
    <X>-777</X>
    <Y>1239</Y>
    <Z>260</Z>
  </Waypoint>
  <Waypoint >
    <X>-804</X>
    <Y>1427</Y>
    <Z>241</Z>
  </Waypoint>
    <Waypoint Dangerous="true">
    <X>-777</X>
    <Y>1652</Y>
    <Z>202</Z>
  </Waypoint>
      <Waypoint>
    <X>-797</X>
    <Y>1665</Y>
    <Z>199</Z>
  </Waypoint>
  
  <Waypoint>
    <X>-831</X>
    <Y>1672</Y>
    <Z>194</Z>
  </Waypoint>
  <Waypoint>
    <X>-860</X>
    <Y>1772</Y>
    <Z>174</Z>
  </Waypoint>
  <Waypoint>
    <X>-851</X>
    <Y>1888</Y>
    <Z>158</Z>
  </Waypoint>
  <Waypoint>
    <X>-964</X>
    <Y>2086</Y>
    <Z>115</Z>
  </Waypoint>
  <Waypoint>
    <X>-1102</X>
    <Y>2203</Y>
    <Z>83</Z>
  </Waypoint>
  <Waypoint>
    <X>-1239</X>
    <Y>2181</Y>
    <Z>64</Z>
  </Waypoint>
  <Waypoint>
    <X>-1428</X>
    <Y>2148</Y>
    <Z>53</Z>
  </Waypoint>
    <Waypoint Dangerous="true">
    <X>-1478</X>
    <Y>2147</Y>
    <Z>55</Z>
  </Waypoint>
    <Waypoint Dangerous="true">
    <X>-1511</X>
    <Y>2112</Y>
    <Z>56</Z>
  </Waypoint>
  <Waypoint>
    <X>-1482</X>
    <Y>2033</Y>
    <Z>63</Z>
  </Waypoint>
  <Waypoint>
    <X>-1436</X>
    <Y>1866</Y>
    <Z>76</Z>
  </Waypoint>
  <Waypoint>
    <X>-1491</X>
    <Y>1621</Y>
    <Z>106</Z>
  </Waypoint>
  <Waypoint>
    <X>-1488</X>
    <Y>1498</Y>
    <Z>115</Z>
  </Waypoint>
  <Waypoint>
    <X>-1549</X>
    <Y>1408</Y>
    <Z>124</Z>
  </Waypoint>
  <Waypoint>
    <X>-1627</X>
    <Y>1275</Y>
    <Z>138</Z>
  </Waypoint>
</Data>