<Data Race_Name="SANCHIA">
  <Heading>194</Heading>
  <Meet>
    <X>2583</X>
    <Y>4910</Y>
    <Z>36</Z>
  </Meet>
  <Waypoint>
    <X>2630</X>
    <Y>5030</Y>
    <Z>44</Z>
  </Waypoint>
  <Waypoint>
    <X>2692</X>
    <Y>4773</Y>
    <Z>44</Z>
  </Waypoint>
  <Waypoint>
    <X>2859</X>
    <Y>4170</Y>
    <Z>49</Z>
  </Waypoint>
  <Waypoint>
    <X>2888</X>
    <Y>3708</Y>
    <Z>52</Z>
  </Waypoint>
  <Waypoint>
    <X>2715</X>
    <Y>3263</Y>
    <Z>55</Z>
  </Waypoint>
  <Waypoint>
    <X>2354</X>
    <Y>2880</Y>
    <Z>40</Z>
  </Waypoint>
  <Waypoint>
    <X>2089</X>
    <Y>2672</Y>
    <Z>50</Z>
  </Waypoint>
  <Waypoint>
    <X>1857</X>
    <Y>2415</Y>
    <Z>54</Z>
  </Waypoint>
  <Waypoint>
    <X>1771</X>
    <Y>2066</Y>
    <Z>66</Z>
  </Waypoint>
  <Waypoint>
    <X>1716</X>
    <Y>1606</Y>
    <Z>83</Z>
  </Waypoint>
  <Waypoint>
    <X>1652</X>
    <Y>1256</Y>
    <Z>85</Z>
  </Waypoint>
  <Waypoint>
    <X>1549</X>
    <Y>942</Y>
    <Z>77</Z>
  </Waypoint>
  <Waypoint>
    <X>1418</X>
    <Y>726</Y>
    <Z>77</Z>
  </Waypoint>
  <Waypoint>
    <X>1174</X>
    <Y>504</Y>
    <Z>85</Z>
  </Waypoint>
  <Waypoint>
    <X>1111</X>
    <Y>410</Y>
    <Z>91</Z>
  </Waypoint>
  <Waypoint>
    <X>1223</X>
    <Y>483</Y>
    <Z>82</Z>
  </Waypoint>
  <Waypoint>
    <X>1431</X>
    <Y>720</Y>
    <Z>77</Z>
  </Waypoint>
  <Waypoint>
    <X>1636</X>
    <Y>1139</Y>
    <Z>83</Z>
  </Waypoint>
  <Waypoint>
    <X>1735</X>
    <Y>1615</Y>
    <Z>83</Z>
  </Waypoint>
  <Waypoint>
    <X>1837</X>
    <Y>2143</Y>
    <Z>68</Z>
  </Waypoint>
  <Waypoint>
    <X>1931</X>
    <Y>2453</Y>
    <Z>54</Z>
  </Waypoint>
  <Waypoint>
    <X>2174</X>
    <Y>2708</Y>
    <Z>47</Z>
  </Waypoint>
  <Waypoint>
    <X>2607</X>
    <Y>3069</Y>
    <Z>46</Z>
  </Waypoint>
  <Waypoint>
    <X>2832</X>
    <Y>3460</Y>
    <Z>55</Z>
  </Waypoint>
  <Waypoint>
    <X>2879</X>
    <Y>4193</Y>
    <Z>49</Z>
  </Waypoint>
  <Waypoint>
    <X>2779</X>
    <Y>4515</Y>
    <Z>46</Z>
  </Waypoint>
  <Waypoint>
    <X>2705</X>
    <Y>4833</Y>
    <Z>44</Z>
  </Waypoint>
</Data>