<Data Race_Name="Seaview Rd">
  <Heading>312</Heading>
  <Meet>
    <X>2089</X>
    <Y>4682</Y>
    <Z>40</Z>
  </Meet>
  <Waypoint>
    <X>2080</X>
    <Y>4701</Y>
    <Z>40</Z>
  </Waypoint>
  <Waypoint>
    <X>2187</X>
    <Y>4778</Y>
    <Z>41</Z>
  </Waypoint>
  <Waypoint>
    <X>2177</X>
    <Y>4904</Y>
    <Z>40</Z>
  </Waypoint>
  <Waypoint>
    <X>2052</X>
    <Y>5031</Y>
    <Z>40</Z>
  </Waypoint>
  <Waypoint>
    <X>1901</X>
    <Y>5131</Y>
    <Z>45</Z>
  </Waypoint>
  <Waypoint>
    <X>1669</X>
    <Y>4935</Y>
    <Z>41</Z>
  </Waypoint>
  <Waypoint>
    <X>1696</X>
    <Y>4708</Y>
    <Z>42</Z>
  </Waypoint>
  <Waypoint>
    <X>1845</X>
    <Y>4579</Y>
    <Z>35</Z>
  </Waypoint>
</Data>