<Data Race_Name="StreetRaces/Senora Way - Davis Quartz Race">
  <Heading>293</Heading>
  <Meet>
    <X>2699</X>
    <Y>2776</Y>
    <Z>38</Z>
  </Meet>
  <Waypoint>
    <X>2751</X>
    <Y>2753</Y>
    <Z>42</Z>
  </Waypoint>
  <Waypoint>
    <X>2875</X>
    <Y>2750</Y>
    <Z>68</Z>
  </Waypoint>
  <Waypoint>
    <X>3067</X>
    <Y>2784</Y>
    <Z>77</Z>
  </Waypoint>
  <Waypoint>
    <X>3059</X>
    <Y>2937</Y>
    <Z>79</Z>
  </Waypoint>
  <Waypoint>
    <X>2969</X>
    <Y>2960</Y>
    <Z>89</Z>
  </Waypoint>
  <Waypoint>
    <X>2724</X>
    <Y>2964</Y>
    <Z>36</Z>
  </Waypoint>
  <Waypoint>
    <X>2604</X>
    <Y>2871</Y>
    <Z>36</Z>
  </Waypoint>
  <Waypoint Flat="true">
    <X>2549</X>
    <Y>2792</Y>
    <Z>36</Z>
  </Waypoint>
  <Waypoint>
    <X>2631</X>
    <Y>2732</Y>
    <Z>41</Z>
  </Waypoint>
</Data>