<Data Race_Name="Spanish Ave">
  <Heading>267</Heading>
          <Meet>
    <X>-416</X>
    <Y>106</Y>
    <Z>64</Z>
	          </Meet>
  <Waypoint>
    <X>-439</X>
    <Y>126</Y>
    <Z>64</Z>
  </Waypoint>

  <Waypoint>
    <X>-415</X>
    <Y>-66</Y>
    <Z>43</Z>
  </Waypoint>
  <Waypoint>
    <X>-565</X>
    <Y>-156</Y>
    <Z>38</Z>
  </Waypoint>
  <Waypoint>
    <X>-710</X>
    <Y>-195</Y>
    <Z>37</Z>
  </Waypoint>
  <Waypoint>
    <X>-806</X>
    <Y>-35</Y>
    <Z>38</Z>
  </Waypoint>
  <Waypoint>
    <X>-863</X>
    <Y>130</Y>
    <Z>58</Z>
  </Waypoint>
  <Waypoint>
    <X>-807</X>
    <Y>208</Y>
    <Z>75</Z>
  </Waypoint>
  <Waypoint>
    <X>-623</X>
    <Y>258</Y>
    <Z>81</Z>
  </Waypoint>
  <Waypoint>
    <X>-545</X>
    <Y>190</Y>
    <Z>73</Z>
  </Waypoint>
</Data>