﻿<?xml version="1.0" encoding="utf-8"?>
<MMI>
  <Vehicles>
    <Franklin189765151060JCO997>
      <General>
        <Owner>Franklin Clinton</Owner>
        <Status>Dead</Status>
        <Model>1897651510</Model>
        <Cost>18440</Cost>
      </General>
      <Plate>
        <NumberPlate>60JCO997</NumberPlate>
        <NumberPlateType>1</NumberPlateType>
      </Plate>
      <Wheels>
        <WheelType>Sport</WheelType>
      </Wheels>
      <Mods>
        <Mod Name="Spoilers">-1</Mod>
        <Mod Name="FrontBumper">-1</Mod>
        <Mod Name="RearBumper">-1</Mod>
        <Mod Name="SideSkirt">-1</Mod>
        <Mod Name="Exhaust">-1</Mod>
        <Mod Name="Frame">-1</Mod>
        <Mod Name="Grille">-1</Mod>
        <Mod Name="Hood">2</Mod>
        <Mod Name="Fender">-1</Mod>
        <Mod Name="RightFender">-1</Mod>
        <Mod Name="Roof">-1</Mod>
        <Mod Name="Engine">3</Mod>
        <Mod Name="Brakes">2</Mod>
        <Mod Name="Transmission">2</Mod>
        <Mod Name="Horns">-1</Mod>
        <Mod Name="Suspension">3</Mod>
        <Mod Name="Armor">4</Mod>
        <Mod Name="FrontWheels">-1</Mod>
        <Mod Name="BackWheels">-1</Mod>
        <Mod Name="PlateHolder">-1</Mod>
        <Mod Name="VanityPlates">-1</Mod>
        <Mod Name="TrimDesign">-1</Mod>
        <Mod Name="Ornaments">-1</Mod>
        <Mod Name="Dashboard">-1</Mod>
        <Mod Name="DialDesign">-1</Mod>
        <Mod Name="DoorSpeakers">-1</Mod>
        <Mod Name="Seats">-1</Mod>
        <Mod Name="SteeringWheels">-1</Mod>
        <Mod Name="ColumnShifterLevers">-1</Mod>
        <Mod Name="Plaques">-1</Mod>
        <Mod Name="Speakers">-1</Mod>
        <Mod Name="Trunk">-1</Mod>
        <Mod Name="Hydraulics">-1</Mod>
        <Mod Name="EngineBlock">-1</Mod>
        <Mod Name="AirFilter">-1</Mod>
        <Mod Name="Struts">-1</Mod>
        <Mod Name="ArchCover">-1</Mod>
        <Mod Name="Aerials">-1</Mod>
        <Mod Name="Trim">-1</Mod>
        <Mod Name="Tank">-1</Mod>
        <Mod Name="Windows">-1</Mod>
        <Mod Name="Livery">-1</Mod>
        <ToggleMod Name="Turbo">true</ToggleMod>
        <ToggleMod Name="TireSmoke">false</ToggleMod>
        <ToggleMod Name="XenonHeadlights">true</ToggleMod>
        <FrontTiresCustom>false</FrontTiresCustom>
        <RearTiresCustom>false</RearTiresCustom>
        <WindowTint>0</WindowTint>
      </Mods>
      <Tires>
        <TireSmokeColor>#FFFFFF</TireSmokeColor>
        <CanTiresBurst>false</CanTiresBurst>
      </Tires>
      <Neons>
        <NeonLightsColor>#FFC0CB</NeonLightsColor>
        <VehicleNeonLight>0</VehicleNeonLight>
        <VehicleNeonLight>1</VehicleNeonLight>
        <VehicleNeonLight>2</VehicleNeonLight>
        <VehicleNeonLight>3</VehicleNeonLight>
      </Neons>
      <Colors>
        <IsPrimaryColorCustom>false</IsPrimaryColorCustom>
        <IsSecondaryColorCustom>false</IsSecondaryColorCustom>
        <PrimaryColor>MetallicGraphiteBlack</PrimaryColor>
        <SecondaryColor>MetallicGraphiteBlack</SecondaryColor>
        <PearlescentColor>MetallicSilver</PearlescentColor>
        <RimColor>DefaultAlloyColor</RimColor>
        <ColorCombination>1</ColorCombination>
        <CustomPrimaryColor>#0F0F0F</CustomPrimaryColor>
        <CustomSecondaryColor>#0F0F0F</CustomSecondaryColor>
        <DashboardColor>MetallicBlack</DashboardColor>
        <TrimColor>MetallicBlack</TrimColor>
      </Colors>
      <Extra />
      <Livery>
        <ID>-1</ID>
      </Livery>
    </Franklin189765151060JCO997>
    <Franklin1393174666___88___>
      <General>
        <Owner>Franklin Clinton</Owner>
        <Status>Alive</Status>
        <Model>1393174666</Model>
        <Cost>15940</Cost>
      </General>
      <Plate>
        <NumberPlate>   88   </NumberPlate>
        <NumberPlateType>1</NumberPlateType>
      </Plate>
      <Wheels>
        <WheelType>Sport</WheelType>
      </Wheels>
      <Mods>
        <Mod Name="Spoilers">-1</Mod>
        <Mod Name="FrontBumper">-1</Mod>
        <Mod Name="RearBumper">-1</Mod>
        <Mod Name="SideSkirt">-1</Mod>
        <Mod Name="Exhaust">-1</Mod>
        <Mod Name="Frame">-1</Mod>
        <Mod Name="Grille">-1</Mod>
        <Mod Name="Hood">-1</Mod>
        <Mod Name="Fender">-1</Mod>
        <Mod Name="RightFender">-1</Mod>
        <Mod Name="Roof">-1</Mod>
        <Mod Name="Engine">3</Mod>
        <Mod Name="Brakes">2</Mod>
        <Mod Name="Transmission">2</Mod>
        <Mod Name="Horns">-1</Mod>
        <Mod Name="Suspension">3</Mod>
        <Mod Name="Armor">4</Mod>
        <Mod Name="FrontWheels">-1</Mod>
        <Mod Name="BackWheels">-1</Mod>
        <Mod Name="PlateHolder">-1</Mod>
        <Mod Name="VanityPlates">-1</Mod>
        <Mod Name="TrimDesign">-1</Mod>
        <Mod Name="Ornaments">-1</Mod>
        <Mod Name="Dashboard">-1</Mod>
        <Mod Name="DialDesign">-1</Mod>
        <Mod Name="DoorSpeakers">-1</Mod>
        <Mod Name="Seats">-1</Mod>
        <Mod Name="SteeringWheels">-1</Mod>
        <Mod Name="ColumnShifterLevers">-1</Mod>
        <Mod Name="Plaques">-1</Mod>
        <Mod Name="Speakers">-1</Mod>
        <Mod Name="Trunk">-1</Mod>
        <Mod Name="Hydraulics">-1</Mod>
        <Mod Name="EngineBlock">-1</Mod>
        <Mod Name="AirFilter">-1</Mod>
        <Mod Name="Struts">-1</Mod>
        <Mod Name="ArchCover">-1</Mod>
        <Mod Name="Aerials">-1</Mod>
        <Mod Name="Trim">-1</Mod>
        <Mod Name="Tank">-1</Mod>
        <Mod Name="Windows">-1</Mod>
        <Mod Name="Livery">-1</Mod>
        <ToggleMod Name="Turbo">true</ToggleMod>
        <ToggleMod Name="TireSmoke">false</ToggleMod>
        <ToggleMod Name="XenonHeadlights">true</ToggleMod>
        <FrontTiresCustom>false</FrontTiresCustom>
        <RearTiresCustom>false</RearTiresCustom>
        <WindowTint>-1</WindowTint>
      </Mods>
      <Tires>
        <TireSmokeColor>#FFFFFF</TireSmokeColor>
        <CanTiresBurst>false</CanTiresBurst>
      </Tires>
      <Neons>
        <NeonLightsColor>#FF00FF</NeonLightsColor>
      </Neons>
      <Colors>
        <IsPrimaryColorCustom>false</IsPrimaryColorCustom>
        <IsSecondaryColorCustom>true</IsSecondaryColorCustom>
        <PrimaryColor>MetallicBlue</PrimaryColor>
        <SecondaryColor>MetallicOrange</SecondaryColor>
        <PearlescentColor>MetallicBlack</PearlescentColor>
        <RimColor>MetallicBlack</RimColor>
        <ColorCombination>-1</ColorCombination>
        <CustomPrimaryColor>#001B57</CustomPrimaryColor>
        <CustomSecondaryColor>#FFFAFA</CustomSecondaryColor>
        <DashboardColor>MetallicTorinoRed</DashboardColor>
        <TrimColor>MetallicBlack</TrimColor>
      </Colors>
      <Extra>
        <ID>1</ID>
      </Extra>
      <Livery>
        <ID>-1</ID>
      </Livery>
    </Franklin1393174666___88___>
  </Vehicles>
</MMI>