<?xml version="1.0" encoding="utf-8"?>
<MMI>
	<!--
		WARNING: NativeUI handles accented characters very badly!
		Il makes holes in the texts. You can use spaces to "fill" these holes...
		
		
		It is a temporary solution while waiting for NativeUI to be updated.
	-->
  <Strings>
	<Common>
		<Empty>Empty</Empty>
	</Common>
	<Update>
		<UpdateAvailable>Update available!</UpdateAvailable>
		<UpdateText>A new version of Mors Mutual Insurance Single Player is available!</UpdateText>
	</Update>
	<Agency>
		<AgencyEntry>Press ~INPUT_CONTEXT~ to enter.</AgencyEntry>
		<AgencyEntryWanted>You cannot enter the building while wanted.</AgencyEntryWanted>
	</Agency>
	<Menus>
		<!-- MENU Settings -->
		<ConfigMenuContact>MMI-SP Settings</ConfigMenuContact>
		<ConfigMenuTitle>MMI-SP Settings</ConfigMenuTitle>
		<ConfigMenuSubtitle>Menu</ConfigMenuSubtitle>

		<!-- Settings: General -->
		<ConfigMenuItemGeneral>General settings</ConfigMenuItemGeneral>
		<ConfigMenuGeneralLanguage>Language file the mod will use. (The plugin needs to be restarted to load the file. Use [Inser] key or restart the game.)</ConfigMenuGeneralLanguage>
		<ConfigMenuGeneralPersistent>Set if the insured vehicles cannot despawn.</ConfigMenuGeneralPersistent>

		<!-- Settings: iFruit -->
		<ConfigMenuiFruitPhoneVolume>Set the voice volume when you call MMI with your phone (0 to 100).</ConfigMenuiFruitPhoneVolume>
		<ConfigMenuiFruitInsure>Show menu "$InsureVehicle" on your phone.</ConfigMenuiFruitInsure>
		<ConfigMenuiFruitCancel>Show menu "$CancelInsurance" on your phone.</ConfigMenuiFruitCancel>
		<ConfigMenuiFruitRecover>Show menu "$RecoverVehicle" on your phone.</ConfigMenuiFruitRecover>
		<ConfigMenuiFruitStolen>Show menu "$StolenVehicle" on your phone.</ConfigMenuiFruitStolen>
		<ConfigMenuiFruitPlate>Show menu "$PlateChange" on your phone.</ConfigMenuiFruitPlate>

		<!-- Settings: Notifications -->
		<ConfigMenuItemNotify>Notifications display</ConfigMenuItemNotify>
		<ConfigMenuNotifyUpdate>Set if the mod has to check for update at launch.</ConfigMenuNotifyUpdate>
		<ConfigMenuNotifySHVDN>Set if you want the mod to show you a notification if ScriptHookVDotNet is outdated.</ConfigMenuNotifySHVDN>
		<ConfigMenuNotifyFile>Set if you want the mod to show you a notification if a file is missing or outdated.</ConfigMenuNotifyFile>
		<ConfigMenuNotifyVisualC>Set if you want the mod to show you a notification if Visual C++ is missing or outdated.</ConfigMenuNotifyVisualC>
		<ConfigMenuNotifyNET>Set if you want the mod to show you a notification if .NET Framework are missing or outdated.</ConfigMenuNotifyNET>
		<ConfigMenuNotifyReboot>Changes will be effective after restarting the plugin</ConfigMenuNotifyReboot>

		<!-- Settings: Insurance -->
		<ConfigMenuItemInsurance>Insurance</ConfigMenuItemInsurance>
		<ConfigMenuInsuranceInsurance>Cost multiplier for insuring a vehicle.</ConfigMenuInsuranceInsurance>
		<ConfigMenuInsuranceRecover>Cost multiplier for recovering a vehicle.</ConfigMenuInsuranceRecover>
		<ConfigMenuInsuranceStolen>Cost multiplier for reporting a stolen vehicle.</ConfigMenuInsuranceStolen>
		<ConfigMenuInsuranceInsuranceEx>Example: Insuring $VehicleFriendlyName will cost $VehicleInsuranceCost$.</ConfigMenuInsuranceInsuranceEx>
		<ConfigMenuInsuranceRecoverEx>Example: Recovering $VehicleFriendlyName will cost $VehicleRecoverCost$.</ConfigMenuInsuranceRecoverEx>
		<ConfigMenuInsuranceStolenEx>Example: Reporting $VehicleFriendlyName will cost $VehicleStolenCost$.</ConfigMenuInsuranceStolenEx>

		<!-- Settings: Vehicle delivery -->
		<ConfigMenuItemBringVehicle>Vehicle delivery</ConfigMenuItemBringVehicle>
		<ConfigMenuBringVehiclePrice>Cost for bringing your vehicle to you. The cost is multiplied by the distance between you and the vehicle.</ConfigMenuBringVehiclePrice>
		<ConfigMenuBringVehicleInstantTrue>The vehicle will be teleported instead of using a driver to bring it to you.</ConfigMenuBringVehicleInstantTrue>
		<ConfigMenuBringVehicleInstantFalse>The driver will bring the vehicle to you.</ConfigMenuBringVehicleInstantFalse>
		<ConfigMenuBringVehicleTimeout>Time in minutes before the driver is canceled and the vehicle returns to the depot.</ConfigMenuBringVehicleTimeout>
		<ConfigMenuBringVehicleRadius>Set the radius around you where the driver can spawn.</ConfigMenuBringVehicleRadius>

		<!-- Insure vehicle -->
		<InsureVehicle>Insure my current vehicle</InsureVehicle>
		<InsureVehicleDesc>Insure the last vehicle you've entered:</InsureVehicleDesc>
		<VehicleWrongType>We are unable to insure this kind of vehicle:</VehicleWrongType>
		<VehicleAlreadyInsured>This vehicle is already insured:</VehicleAlreadyInsured>
		<NotifyVehicleIsInsured>This vehicle ~b~$VehicleFriendlyName~w~ is now insured.</NotifyVehicleIsInsured>
		<NotifyInsureNoMoney>You don't have enought money to insure this vehicle.</NotifyInsureNoMoney>

		<!-- Cancel contract -->
		<CancelInsurance>Cancel a contract</CancelInsurance>
		<CancelInsuranceDesc>Cancel the contract of a vehicle.</CancelInsuranceDesc>
		<CancelInsuranceItemDesc>This vehicle won't be insured anymore.</CancelInsuranceItemDesc>
		<CancelInsuranceItemEmptyDesc>You don't have any insured vehicle.</CancelInsuranceItemEmptyDesc>
		<NotifyCanceled>This vehicle is not insured anymore.</NotifyCanceled>

		<!-- Recover vehicle -->
		<RecoverVehicle>Recover a destroyed vehicle</RecoverVehicle>
		<RecoverVehicleDesc>Recover any of your insured destroyed vehicles.</RecoverVehicleDesc>
		<RecoverVehicleItemEmptyDesc>There are no destroyed vehicles.</RecoverVehicleItemEmptyDesc>

		<!-- Stolen vehicle -->
		<StolenVehicle>Report a stolen vehicle</StolenVehicle>
		<StolenVehicleDesc>Recover a vehicle that has disappeared.</StolenVehicleDesc>
		<StolenVehicleItemEmptyDesc>You don't have any vehicle to report.</StolenVehicleItemEmptyDesc>

		<!-- Bring the vehicle -->
		<BringVehicle>Bring me my vehicle</BringVehicle>
		<BringVehicleDesc>Brings the vehicle to you.</BringVehicleDesc>
		<BringVehicleItemEmptyDesc>No vehicle available.</BringVehicleItemEmptyDesc>
		<NotifyBringVehicle>Our driver is coming at you.</NotifyBringVehicle>
		<NotifyBringVehicleCancel>Sorry but we are not able to deliver your vehicle at the moment. You have been refunded.</NotifyBringVehicleCancel>

		<!-- Change plate-->
		<PlateChange>Edit license plate number</PlateChange>
		<PlateChangeDesc>Let you change the license plate number of a vehicle.</PlateChangeDesc>
		<PlateChangeItemEmptyDesc>You don't have any insured vehicle.</PlateChangeItemEmptyDesc>
		<PlateChangeUpdateDB>We are updating our database</PlateChangeUpdateDB>
		<PlateChangeUpdateDBDesc>Please wait...</PlateChangeUpdateDBDesc>
		<NotifyPlateChanged>New license plate number: </NotifyPlateChanged>
		<NotifyWrongPlate>License plate number can only contain letters, digits or whitespaces.</NotifyWrongPlate>
		
		<!-- Common -->
		<NotifyDeliverVehicle>Your replacement vehicle can be found at the Mors Mutual depot.</NotifyDeliverVehicle>
		<NotifyNoMoney>You don't have enough money.</NotifyNoMoney>
	</Menus>
	<UpdateInsurance>
		<NotifyVehicleDestroyedTitle>Information</NotifyVehicleDestroyedTitle>
		<NotifyVehicleDestroyedSubtitle>Your Personal Vehicle has been destroyed. You can call Mors Mutual Insurance to make a claim.</NotifyVehicleDestroyedSubtitle>
		<NotifyVehicleRecoveredTitle>IMPORTANT</NotifyVehicleRecoveredTitle>
		<NotifyVehicleRecoveredSubtitle>You need to ~h~store your vehicle~h~ in your garage to avoid any problem.</NotifyVehicleRecoveredSubtitle>
	</UpdateInsurance>
  </Strings>
</MMI>