﻿<?xml version="1.0" encoding="utf-8"?>
<WeaponList>
  <Franklin bag="true" holster="true">
    <hunger>
      <food />
      <drinks />
      <level>0</level>
    </hunger>
  </Franklin>
  <Trevor bag="true">
    <WeaponsConditions>
      <SnowballLauncher shots="0" />
      <CombatShotgun shots="0" />
      <SniperRifle shots="0" />
      <FireExtinguisher shots="0" />
      <CompactGrenadeLauncher shots="0" />
      <Snowball shots="0" />
      <VintagePistol shots="0" />
      <CombatPDW shots="0" />
      <HeavySniperMk2 shots="0" />
      <HeavySniper shots="0" />
      <SweeperShotgun shots="0" />
      <MicroSMG shots="0" />
      <TacticalSMG shots="0" />
      <FertilizerCan shots="0" />
      <Wrench shots="0" />
      <Pistol shots="0" />
      <WM29Pistol shots="0" />
      <HackingDevice shots="0" />
      <PumpShotgun shots="0" />
      <APPistol shots="0" />
      <Ball shots="0" />
      <Molotov shots="0" />
      <CeramicPistol shots="0" />
      <SMG shots="0" />
      <StickyBomb shots="0" />
      <PetrolCan shots="0" />
      <StunGun shots="0" />
      <StoneHatchet shots="0" />
      <AssaultrifleMk2 shots="0" />
      <HeavyShotgun shots="0" />
      <Minigun shots="0" />
      <GolfClub shots="0" />
      <StunGunMultiplayer shots="0" />
      <UnholyHellbringer shots="0" />
      <FlareGun shots="0" />
      <Flare shots="0" />
      <GrenadeLauncherSmoke shots="0" />
      <Hammer shots="0" />
      <PumpShotgunMk2 shots="0" />
      <PericoPistol shots="0" />
      <CombatPistol shots="0" />
      <Gusenberg shots="0" />
      <CompactRifle shots="0" />
      <HomingLauncher shots="0" />
      <CandyCane shots="0" />
      <Nightstick shots="0" />
      <MarksmanRifleMk2 shots="0" />
      <Railgun shots="0" />
      <PrecisionRifle shots="0" />
      <BattleRifle shots="0" />
      <SawnOffShotgun shots="0" />
      <SMGMk2 shots="0" />
      <BullpupRifle shots="0" />
      <Firework shots="0" />
      <CombatMG shots="0" />
      <CarbineRifle shots="0" />
      <Crowbar shots="0" />
      <BullpupRifleMk2 shots="0" />
      <SNSPistolMk2 shots="0" />
      <Flashlight shots="0" />
      <NavyRevolver shots="0" />
      <Dagger shots="0" />
      <Grenade shots="0" />
      <PoolCue shots="0" />
      <Bat shots="0" />
      <SpecialCarbineMk2 shots="0" />
      <DoubleActionRevolver shots="0" />
      <Pistol50 shots="0" />
      <Knife shots="0" />
      <MG shots="0" />
      <MilitaryRifle shots="0" />
      <BullpupShotgun shots="0" />
      <BZGas shots="0" />
      <Unarmed shots="0" />
      <GrenadeLauncher shots="0" />
      <NightVision shots="0" />
      <Musket shots="0" />
      <ProximityMine shots="0" />
      <AdvancedRifle shots="0" />
      <UpNAtomizer shots="0" />
      <RPG shots="0" />
      <Widowmaker shots="0" />
      <PipeBomb shots="0" />
      <HazardousJerryCan shots="0" />
      <MiniSMG shots="0" />
      <SNSPistol shots="0" />
      <PistolMk2 shots="0" />
      <AssaultRifle shots="0" />
      <SpecialCarbine shots="0" />
      <Revolver shots="0" />
      <MarksmanRifle shots="0" />
      <HeavyRifle shots="0" />
      <RevolverMk2 shots="0" />
      <BattleAxe shots="0" />
      <ServiceCarbine shots="0" />
      <HeavyPistol shots="0" />
      <KnuckleDuster shots="0" />
      <MachinePistol shots="0" />
      <CompactEMPLauncher shots="0" />
      <MetalDetector shots="0" />
      <CombatMGMk2 shots="0" />
      <MarksmanPistol shots="0" />
      <Machete shots="0" />
      <SwitchBlade shots="0" />
      <AssaultShotgun shots="0" />
      <DoubleBarrelShotgun shots="0" />
      <AssaultSMG shots="0" />
      <AcidPackage shots="0" />
      <Hatchet shots="0" />
      <Bottle shots="0" />
      <CarbineRifleMk2 shots="0" />
      <Parachute shots="0" />
      <SmokeGrenade shots="0" />
      <RailgunXmas3 shots="0" />
    </WeaponsConditions>
    <hunger>
      <level>0</level>
    </hunger>
  </Trevor>
  <Jesus01>
    <WeaponsConditions>
      <SnowballLauncher shots="0" />
      <CombatShotgun shots="0" />
      <SniperRifle shots="0" />
      <FireExtinguisher shots="0" />
      <CompactGrenadeLauncher shots="0" />
      <Snowball shots="0" />
      <VintagePistol shots="0" />
      <CombatPDW shots="0" />
      <HeavySniperMk2 shots="0" />
      <HeavySniper shots="0" />
      <SweeperShotgun shots="0" />
      <MicroSMG shots="0" />
      <TacticalSMG shots="0" />
      <FertilizerCan shots="0" />
      <Wrench shots="0" />
      <Pistol shots="0" />
      <WM29Pistol shots="0" />
      <HackingDevice shots="0" />
      <PumpShotgun shots="0" />
      <APPistol shots="0" />
      <Ball shots="0" />
      <Molotov shots="0" />
      <CeramicPistol shots="0" />
      <SMG shots="0" />
      <StickyBomb shots="0" />
      <PetrolCan shots="0" />
      <StunGun shots="0" />
      <StoneHatchet shots="0" />
      <AssaultrifleMk2 shots="0" />
      <HeavyShotgun shots="0" />
      <Minigun shots="0" />
      <GolfClub shots="0" />
      <StunGunMultiplayer shots="0" />
      <UnholyHellbringer shots="0" />
      <FlareGun shots="1" />
      <Flare shots="0" />
      <GrenadeLauncherSmoke shots="0" />
      <Hammer shots="0" />
      <PumpShotgunMk2 shots="0" />
      <PericoPistol shots="0" />
      <CombatPistol shots="0" />
      <Gusenberg shots="0" />
      <CompactRifle shots="0" />
      <HomingLauncher shots="0" />
      <CandyCane shots="0" />
      <Nightstick shots="0" />
      <MarksmanRifleMk2 shots="0" />
      <Railgun shots="0" />
      <PrecisionRifle shots="0" />
      <BattleRifle shots="0" />
      <SawnOffShotgun shots="0" />
      <SMGMk2 shots="0" />
      <BullpupRifle shots="0" />
      <Firework shots="0" />
      <CombatMG shots="0" />
      <CarbineRifle shots="0" />
      <Crowbar shots="0" />
      <BullpupRifleMk2 shots="0" />
      <SNSPistolMk2 shots="0" />
      <Flashlight shots="0" />
      <NavyRevolver shots="0" />
      <Dagger shots="0" />
      <Grenade shots="0" />
      <PoolCue shots="0" />
      <Bat shots="0" />
      <SpecialCarbineMk2 shots="0" />
      <DoubleActionRevolver shots="0" />
      <Pistol50 shots="0" />
      <Knife shots="0" />
      <MG shots="0" />
      <MilitaryRifle shots="0" />
      <BullpupShotgun shots="0" />
      <BZGas shots="0" />
      <Unarmed shots="0" />
      <GrenadeLauncher shots="0" />
      <NightVision shots="0" />
      <Musket shots="0" />
      <ProximityMine shots="0" />
      <AdvancedRifle shots="0" />
      <UpNAtomizer shots="0" />
      <RPG shots="0" />
      <Widowmaker shots="0" />
      <PipeBomb shots="0" />
      <HazardousJerryCan shots="0" />
      <MiniSMG shots="0" />
      <SNSPistol shots="0" />
      <PistolMk2 shots="0" />
      <AssaultRifle shots="0" />
      <SpecialCarbine shots="0" />
      <Revolver shots="0" />
      <MarksmanRifle shots="0" />
      <HeavyRifle shots="0" />
      <RevolverMk2 shots="0" />
      <BattleAxe shots="0" />
      <ServiceCarbine shots="0" />
      <HeavyPistol shots="0" />
      <KnuckleDuster shots="0" />
      <MachinePistol shots="0" />
      <CompactEMPLauncher shots="0" />
      <MetalDetector shots="0" />
      <CombatMGMk2 shots="0" />
      <MarksmanPistol shots="0" />
      <Machete shots="0" />
      <SwitchBlade shots="0" />
      <AssaultShotgun shots="0" />
      <DoubleBarrelShotgun shots="0" />
      <AssaultSMG shots="0" />
      <AcidPackage shots="0" />
      <Hatchet shots="0" />
      <Bottle shots="0" />
      <CarbineRifleMk2 shots="0" />
      <Parachute shots="0" />
      <SmokeGrenade shots="0" />
      <RailgunXmas3 shots="0" />
    </WeaponsConditions>
    <hunger>
      <level>0</level>
      <food />
      <drinks />
    </hunger>
  </Jesus01>
  <Michael>
    <WeaponsConditions>
      <SnowballLauncher shots="0" />
      <CombatShotgun shots="0" />
      <SniperRifle shots="0" />
      <FireExtinguisher shots="0" />
      <CompactGrenadeLauncher shots="0" />
      <Snowball shots="0" />
      <VintagePistol shots="0" />
      <CombatPDW shots="0" />
      <HeavySniperMk2 shots="0" />
      <HeavySniper shots="0" />
      <SweeperShotgun shots="0" />
      <MicroSMG shots="0" />
      <TacticalSMG shots="0" />
      <FertilizerCan shots="0" />
      <Wrench shots="0" />
      <Pistol shots="0" />
      <WM29Pistol shots="0" />
      <HackingDevice shots="0" />
      <PumpShotgun shots="0" />
      <APPistol shots="0" />
      <Ball shots="0" />
      <Molotov shots="0" />
      <CeramicPistol shots="0" />
      <SMG shots="0" />
      <StickyBomb shots="0" />
      <PetrolCan shots="0" />
      <StunGun shots="0" />
      <StoneHatchet shots="0" />
      <AssaultrifleMk2 shots="0" />
      <HeavyShotgun shots="0" />
      <Minigun shots="0" />
      <GolfClub shots="0" />
      <StunGunMultiplayer shots="0" />
      <UnholyHellbringer shots="0" />
      <FlareGun shots="0" />
      <Flare shots="0" />
      <GrenadeLauncherSmoke shots="0" />
      <Hammer shots="0" />
      <PumpShotgunMk2 shots="0" />
      <PericoPistol shots="0" />
      <CombatPistol shots="0" />
      <Gusenberg shots="0" />
      <CompactRifle shots="0" />
      <HomingLauncher shots="0" />
      <CandyCane shots="0" />
      <Nightstick shots="0" />
      <MarksmanRifleMk2 shots="0" />
      <Railgun shots="0" />
      <PrecisionRifle shots="0" />
      <BattleRifle shots="0" />
      <SawnOffShotgun shots="0" />
      <SMGMk2 shots="0" />
      <BullpupRifle shots="0" />
      <Firework shots="0" />
      <CombatMG shots="0" />
      <CarbineRifle shots="0" />
      <Crowbar shots="0" />
      <BullpupRifleMk2 shots="0" />
      <SNSPistolMk2 shots="0" />
      <Flashlight shots="0" />
      <NavyRevolver shots="0" />
      <Dagger shots="0" />
      <Grenade shots="0" />
      <PoolCue shots="0" />
      <Bat shots="0" />
      <SpecialCarbineMk2 shots="0" />
      <DoubleActionRevolver shots="0" />
      <Pistol50 shots="0" />
      <Knife shots="0" />
      <MG shots="0" />
      <MilitaryRifle shots="0" />
      <BullpupShotgun shots="0" />
      <BZGas shots="0" />
      <Unarmed shots="0" />
      <GrenadeLauncher shots="0" />
      <NightVision shots="0" />
      <Musket shots="0" />
      <ProximityMine shots="0" />
      <AdvancedRifle shots="0" />
      <UpNAtomizer shots="0" />
      <RPG shots="0" />
      <Widowmaker shots="0" />
      <PipeBomb shots="0" />
      <HazardousJerryCan shots="0" />
      <MiniSMG shots="0" />
      <SNSPistol shots="0" />
      <PistolMk2 shots="0" />
      <AssaultRifle shots="0" />
      <SpecialCarbine shots="0" />
      <Revolver shots="0" />
      <MarksmanRifle shots="0" />
      <HeavyRifle shots="0" />
      <RevolverMk2 shots="0" />
      <BattleAxe shots="0" />
      <ServiceCarbine shots="0" />
      <HeavyPistol shots="0" />
      <KnuckleDuster shots="0" />
      <MachinePistol shots="0" />
      <CompactEMPLauncher shots="0" />
      <MetalDetector shots="0" />
      <CombatMGMk2 shots="0" />
      <MarksmanPistol shots="0" />
      <Machete shots="0" />
      <SwitchBlade shots="0" />
      <AssaultShotgun shots="0" />
      <DoubleBarrelShotgun shots="0" />
      <AssaultSMG shots="0" />
      <AcidPackage shots="0" />
      <Hatchet shots="0" />
      <Bottle shots="0" />
      <CarbineRifleMk2 shots="0" />
      <Parachute shots="0" />
      <SmokeGrenade shots="0" />
      <RailgunXmas3 shots="0" />
    </WeaponsConditions>
    <hunger>
      <food />
      <drinks />
      <level>0</level>
    </hunger>
  </Michael>
</WeaponList>