﻿<?xml version="1.0" encoding="utf-8"?>
<VehList>
  <xBODHI2 ChimeSignal="false" GPS="false">2859047862</xBODHI2>
  <xBANSHEE2 ChimeSignal="true">633712403</xBANSHEE2>
  <xEMPEROR ChimeSignal="false" GPS="true">3609690755</xEMPEROR>
  <xFELTZER ChimeSignal="true" GPS="false">2299640309</xFELTZER>
  <xCYCLONE ChimeSignal="false" GPS="false">1392481335</xCYCLONE>
  <xPIGALLE ChimeSignal="false" GPS="true">1078682497</xPIGALLE>
  <xBUCCANEE ChimeSignal="false" GPS="true">3612755468</xBUCCANEE>
  <xSEMINOLE ChimeSignal="false" GPS="false">1221512915</xSEMINOLE>
  <xNINEF ChimeSignal="false" GPS="false">1032823388</xNINEF>
  <xTAILGATE ChimeSignal="true" GPS="true">3286105550</xTAILGATE>
  <xPHANTOM ChimeSignal="false" GPS="false">2157618379</xPHANTOM>
  <xBUFFALO02 ChimeSignal="true" GPS="false">736902334</xBUFFALO02>
  <xBESTIAGTS ChimeSignal="false" GPS="false">1274868363</xBESTIAGTS>
  <xFELON ChimeSignal="true" GPS="false">3903372712</xFELON>
  <xDOMINATO ChimeSignal="true" GPS="true">80636076</xDOMINATO>
  <xTOWTRUCK ChimeSignal="false" GPS="false">2971866336</xTOWTRUCK>
  <xM5E60 ChimeSignal="false">1897651510</xM5E60>
</VehList>